{"cameraMode":{"drawMode":0,"name":"Shaded","section":"Shading Mode"},"sceneLighting":true,"audioPlay":false,"sceneViewState":{"showFog":true,"showMaterialUpdate":true,"showSkybox":true,"showFlares":true,"showImageEffects":true,"showParticleSystems":true},"in2DMode":false,"pivot":{"x":2.566102981567383,"y":4.8006591796875,"z":12.637005805969239},"rotation":{"x":-0.08009079098701477,"y":0.9169315695762634,"z":-0.2351052463054657,"w":-0.31232601404190066},"size":2.008042812347412,"orthographic":false}